,Date,MM_conf,LA_conf,NL_conf,PH_conf,RU_conf,KR,TW_conf,US_conf,AE_conf,GB_conf,VN_conf,AU_conf,AT_conf,KH_conf,CA_conf,CN_conf,HR_conf,CZ_conf,EG_conf,FI_conf,FR_conf,DE_conf,HU_conf,IN_conf,ID_conf,IL_conf,IT_conf,JP_conf,MY_conf,MX_conf,MN_conf,NZ_conf,PL_conf,PT_conf,QA_conf,SG_conf,ES_conf,CH_conf,TH_conf,TR_conf,HR_roam,MN_roam,PL_roam,MM_roam,QA_roam,EG_roam,MX_roam,LA_roam,FI_roam,HU_roam,KH_roam,IL_roam,CH_roam,PT_roam,NL_roam,TW_roam,IN_roam,NZ_roam,CZ_roam,CA_roam,AT_roam,RU_roam,SG_roam,AU_roam,AE_roam,ID_roam,TR_roam,GB_roam,PH_roam,MY_roam,IT_roam,ES_roam,FR_roam,DE_roam,JP_roam,TH_roam,VN_roam,US_roam,CN_roam,news,covid_tr,coro_tr,target
0,2020-01-22,0,0,0,0,0,0,0,0,0,0,0,0,0,0,0,0,0,0,0,0,0,0,0,0,0,0,0,0,0,0,0,0,0,0,0,0,0,0,0,0,47,134,92,137,71,16,53,276,67,166,269,292,188,124,131,998,116,163,229,122,240,305,513,204,358,427,274,275,1026,900,428,332,470,450,2717,1382,2592,701,2453,430.0,0.0,1.0,0.0
1,2020-01-23,0,0,0,0,0,0,0,0,0,0,2,0,0,0,0,95,0,0,0,0,0,0,0,0,0,0,0,0,0,0,0,0,0,0,0,1,0,0,1,0,81,73,89,110,92,51,59,244,103,101,303,93,141,182,111,673,195,79,153,148,167,270,462,182,346,366,250,235,975,703,365,371,466,476,2520,1259,2338,943,2188,452.0,0.0,5.0,0.0
2,2020-01-24,0,0,0,0,0,1,2,1,0,0,0,0,0,0,0,277,0,0,0,0,2,0,0,0,0,0,0,0,0,0,0,0,0,0,0,2,0,0,2,0,64,116,85,75,59,30,42,143,111,79,258,193,227,165,186,688,87,68,158,181,234,252,390,208,322,383,260,322,890,630,436,479,485,564,2448,1069,2251,864,1698,421.0,0.0,5.0,1.0
3,2020-01-25,0,0,0,0,0,0,0,0,0,0,0,0,0,0,0,486,0,0,0,0,1,0,0,0,0,0,0,0,3,0,0,0,0,0,0,0,0,0,2,0,70,57,67,69,51,102,60,201,77,81,188,44,152,44,84,705,103,127,106,111,172,181,400,157,234,337,160,231,912,674,293,179,374,395,2542,1031,2336,828,1403,506.0,0.0,7.0,0.0
4,2020-01-26,0,0,0,0,0,1,1,3,0,0,0,4,0,0,1,669,0,0,0,0,0,0,0,0,0,0,0,2,1,0,0,0,0,0,0,1,0,0,1,0,59,110,46,85,86,73,42,235,99,100,198,123,158,181,140,1075,41,107,194,156,218,435,581,203,343,303,250,270,1365,873,354,487,444,377,4823,1477,2695,900,2508,552.0,0.0,8.0,1.0
5,2020-01-27,0,0,0,0,0,1,1,0,0,0,0,1,0,1,0,802,0,0,0,0,0,1,0,0,0,0,0,0,0,0,0,0,0,0,0,1,0,0,0,0,81,126,43,80,89,54,54,244,103,136,431,171,182,133,166,1974,110,146,175,224,235,424,720,232,316,504,288,304,1614,1049,487,391,494,445,5307,1872,3681,1130,3133,576.0,0.0,13.0,1.0
6,2020-01-28,0,0,0,0,0,0,3,0,0,0,0,0,0,0,1,2632,0,0,0,0,1,3,0,0,0,0,0,3,0,0,0,0,0,0,0,2,0,0,6,0,87,98,81,86,90,25,46,207,119,118,288,302,106,164,148,1164,101,55,195,203,173,319,550,201,278,428,286,262,1524,1038,241,352,476,557,3734,1544,3604,1009,2150,711.0,0.0,17.0,0.0
7,2020-01-29,0,0,0,0,0,0,0,0,4,0,0,1,0,0,0,578,0,0,0,1,1,0,0,0,0,0,0,0,3,0,0,0,0,0,0,0,0,0,0,0,45,104,49,108,70,18,65,270,100,119,318,403,216,99,166,978,105,183,187,141,224,294,563,191,213,376,227,279,1366,981,358,285,448,428,3090,1516,3023,829,1966,906.0,0.0,12.0,0.0
8,2020-01-30,0,0,0,1,0,0,1,0,0,0,0,3,0,0,0,2054,0,0,0,0,0,0,0,1,0,0,0,4,1,0,0,0,0,0,0,3,0,0,0,0,62,69,55,90,68,31,31,267,49,89,305,111,116,148,53,774,110,100,155,169,211,227,493,185,277,283,163,163,1191,786,274,245,346,511,2495,1371,2687,860,1753,749.0,0.0,14.0,2.0
9,2020-01-31,0,0,0,0,2,7,1,2,0,2,0,0,0,0,2,1661,0,0,0,0,0,1,0,0,0,0,2,4,0,0,0,0,0,0,0,3,0,0,5,0,55,103,66,85,61,32,73,177,77,75,286,368,202,159,173,784,89,94,129,127,176,265,472,226,373,337,252,273,1088,772,368,352,408,457,2748,1341,2570,739,1658,726.0,0.0,22.0,1.0
10,2020-02-01,0,0,0,0,0,1,0,1,0,0,4,3,0,0,0,2089,0,0,0,0,1,3,0,0,0,0,0,5,0,0,0,0,0,0,0,3,1,0,0,0,107,71,36,103,88,104,58,218,106,153,331,338,157,71,162,677,153,152,140,162,253,266,404,181,279,330,366,286,1039,737,327,242,520,591,2383,1337,2645,1069,1480,529.0,0.0,19.0,1.0
11,2020-02-02,0,0,0,1,0,3,0,0,1,0,0,0,0,0,0,4739,0,0,0,0,0,2,0,1,0,0,0,0,0,0,0,0,0,0,0,2,0,0,0,0,92,118,71,131,80,84,61,285,107,112,242,130,175,154,157,608,96,122,194,213,265,383,450,226,280,344,320,277,1235,765,371,444,444,473,3101,1343,2534,1099,1442,732.0,0.0,23.0,2.0
12,2020-02-03,0,0,0,0,0,0,0,3,0,0,2,0,0,0,0,3086,0,0,0,0,0,2,0,1,0,0,0,0,0,0,0,0,0,0,0,0,0,0,0,0,89,68,33,90,40,51,57,226,69,110,224,36,171,101,128,655,123,90,165,184,171,249,365,150,170,296,259,269,1185,646,400,261,405,404,2300,1273,2353,841,1302,749.0,0.0,18.0,0.0
13,2020-02-04,0,0,0,0,0,1,1,0,0,0,0,1,0,0,0,3991,0,0,0,0,0,0,0,0,0,0,0,2,2,0,0,0,0,0,0,6,0,0,6,0,58,54,61,68,56,22,48,185,72,65,217,103,151,171,95,477,125,49,112,166,135,229,302,120,308,235,308,214,1056,499,213,297,394,434,2069,1019,2150,770,1092,701.0,0.0,18.0,1.0
14,2020-02-05,0,0,0,0,0,3,0,0,0,0,0,0,0,0,1,3733,0,0,0,0,0,0,0,0,0,0,0,0,2,0,0,0,0,0,0,4,0,0,0,0,69,98,42,104,72,18,68,208,40,131,214,110,144,110,155,473,67,122,150,145,215,211,298,160,211,236,190,234,965,564,295,293,348,416,1877,889,2167,681,1033,592.0,0.0,19.0,2.0
15,2020-02-06,0,0,0,0,0,4,5,0,0,0,2,1,0,0,0,3147,0,0,0,0,0,0,0,0,0,0,0,0,0,0,0,0,0,0,0,0,0,0,0,0,84,64,70,64,96,28,39,197,74,70,239,149,147,210,90,403,132,67,126,161,140,283,318,140,281,232,198,187,1021,525,304,299,317,442,2257,891,1962,820,897,478.0,0.0,18.0,2.0
16,2020-02-07,0,0,0,1,0,1,0,0,0,1,0,1,0,0,2,3523,0,0,0,0,0,1,0,0,0,0,1,3,0,0,0,0,0,0,0,2,0,0,0,0,136,84,90,101,81,39,61,166,54,129,242,378,181,179,107,474,117,61,180,111,258,253,334,214,341,346,286,296,1013,642,378,392,398,521,2158,856,2137,845,926,591.0,0.0,16.0,0.0
17,2020-02-08,0,0,0,0,0,0,1,0,2,0,3,0,0,0,0,2704,0,0,0,0,5,0,0,0,0,0,0,0,4,0,0,0,0,0,0,3,0,0,7,0,103,78,60,87,101,112,61,205,94,117,255,154,166,79,127,466,192,171,121,163,177,266,478,176,328,349,296,280,1001,675,256,193,435,522,1989,908,2168,1113,953,401.0,0.0,13.0,0.0
18,2020-02-09,0,0,0,0,0,1,1,0,0,0,0,0,0,0,0,3015,0,0,0,0,0,1,0,0,0,0,0,1,0,0,0,0,0,0,0,7,1,0,0,0,117,104,65,94,124,96,110,194,89,99,219,162,211,147,151,522,84,118,220,176,280,277,411,179,385,329,307,304,996,547,335,363,448,514,2669,872,2230,1206,1009,672.0,0.0,12.0,0.0
19,2020-02-10,0,0,0,0,0,2,0,0,1,5,1,0,0,0,0,2525,0,0,0,0,0,0,0,0,0,0,0,0,2,0,0,0,0,0,0,5,0,0,0,0,115,56,24,84,68,64,63,138,65,111,241,32,210,151,78,444,81,78,163,140,219,255,256,123,299,306,251,247,1014,495,436,346,411,389,2120,772,1885,841,909,611.0,0.0,10.0,0.0
20,2020-02-11,0,0,0,0,0,1,0,1,0,0,1,0,0,0,0,2032,0,0,0,0,0,2,0,0,0,0,0,0,0,0,0,0,0,0,0,2,0,0,1,0,66,74,24,58,77,30,36,106,95,89,161,218,137,181,146,362,135,68,175,129,184,232,291,121,263,269,296,182,832,469,245,358,454,396,1786,662,1630,703,700,542.0,2.0,9.0,1.0
21,2020-02-12,0,0,0,0,0,0,0,0,0,1,0,0,0,0,0,1881,0,0,0,0,0,0,0,0,0,0,0,2,0,0,0,0,0,0,0,3,0,0,0,0,96,79,44,74,80,29,43,137,126,119,155,395,153,115,128,348,75,107,177,118,281,255,226,188,235,260,228,276,768,419,361,296,350,423,1629,601,1553,669,744,644.0,2.0,8.0,0.0
22,2020-02-13,0,0,0,0,0,0,0,1,0,0,1,0,0,0,0,13628,0,0,0,0,0,0,0,0,0,0,0,0,1,0,0,0,0,0,0,8,0,0,0,0,77,64,72,60,83,48,94,120,90,88,145,252,107,129,109,324,146,67,162,179,151,232,275,123,210,258,185,192,716,401,276,258,344,487,1815,549,1467,814,574,572.0,15.0,9.0,0.0
23,2020-02-14,0,0,0,0,0,0,0,0,0,0,0,0,0,0,0,6463,0,0,1,0,0,0,0,0,0,0,0,1,0,0,0,0,0,0,0,9,0,0,0,0,61,77,64,79,103,21,81,98,105,87,149,742,214,146,140,360,97,87,144,159,229,272,252,209,311,302,361,287,857,432,391,346,393,508,1952,585,1446,799,679,549.0,3.0,8.0,0.0
24,2020-02-15,0,0,0,0,0,0,0,0,0,0,0,0,0,0,0,2055,0,0,0,0,1,0,0,0,0,0,0,14,3,0,0,0,0,0,0,5,0,0,0,0,73,72,70,89,66,114,63,120,110,153,138,433,159,111,109,363,164,179,125,172,162,288,322,173,274,375,305,278,799,532,321,266,394,505,1868,568,1531,1128,712,410.0,4.0,7.0,0.0
25,2020-02-16,0,0,0,0,0,1,2,0,1,0,0,0,0,0,0,2100,0,0,0,0,0,0,0,0,0,0,0,16,0,0,0,0,0,0,0,3,0,0,1,0,100,92,47,66,104,82,106,128,98,92,176,271,175,191,115,340,89,118,205,225,273,312,241,193,298,348,277,194,951,397,383,442,366,483,2484,580,1461,1133,699,396.0,5.0,7.0,0.0
26,2020-02-17,0,0,0,0,0,1,2,0,0,0,0,0,0,0,1,1921,0,0,0,0,0,0,0,0,0,0,0,7,0,0,0,0,0,0,0,2,0,0,1,0,91,72,36,66,56,27,47,90,82,132,134,39,160,127,103,339,90,74,172,117,228,203,234,164,235,275,199,262,951,434,395,410,441,375,1921,483,1357,794,613,494.0,7.0,8.0,0.0
27,2020-02-18,0,0,0,0,0,1,0,0,0,0,0,0,0,0,0,1777,0,0,0,0,0,0,0,0,0,0,0,8,0,0,0,0,0,0,0,4,0,0,0,0,29,62,44,47,69,27,40,105,100,60,119,223,145,154,77,259,57,43,124,125,121,187,198,145,261,224,243,256,734,391,184,283,336,316,1589,456,1079,710,529,402.0,7.0,13.0,0.0
28,2020-02-19,0,0,0,0,0,0,1,0,0,0,0,0,0,0,0,408,0,0,0,0,0,0,0,0,0,0,0,10,0,0,0,0,0,0,0,3,0,0,0,0,54,86,34,53,65,15,51,104,76,118,87,293,159,121,133,283,36,132,171,156,222,222,180,175,231,194,225,264,689,342,313,274,349,298,1707,414,956,719,557,78.0,11.0,31.0,0.0
29,2020-02-20,0,0,0,0,0,73,1,0,0,0,0,0,0,0,0,458,0,0,0,0,0,0,0,0,0,0,0,10,0,0,0,0,0,0,0,0,0,0,0,0,49,59,78,73,78,24,39,89,72,93,120,158,165,141,133,257,145,89,148,179,176,236,181,161,245,226,174,222,669,359,306,286,334,400,1709,349,964,745,667,68.0,25.0,50.0,0.0
30,2020-02-21,0,0,0,0,0,100,2,2,0,0,0,0,0,0,1,473,0,0,0,0,0,0,0,0,0,1,17,11,0,0,0,0,0,0,0,1,0,0,0,0,36,112,81,40,91,24,59,75,113,101,122,666,189,178,135,223,67,86,132,160,155,263,151,214,265,289,294,259,639,358,379,355,458,416,1610,467,1022,766,577,60.0,19.0,63.0,0.0
31,2020-02-22,0,0,0,0,0,229,0,0,4,0,0,0,0,0,0,1451,0,0,0,0,0,0,0,0,0,0,42,17,0,0,0,0,0,0,0,0,0,0,0,0,85,89,56,54,95,97,67,125,92,98,106,186,154,59,111,247,121,159,117,153,159,268,219,223,247,318,264,249,579,387,257,195,352,450,1439,491,981,936,623,82.0,33.0,73.0,0.0
32,2020-02-23,0,0,0,0,0,169,2,0,0,0,0,0,0,0,0,21,0,0,0,0,0,0,0,0,0,0,93,25,0,0,0,0,0,0,0,4,0,0,0,0,44,116,74,60,92,55,35,85,84,76,112,80,142,123,129,237,75,113,154,198,124,362,203,225,212,238,252,248,818,307,266,356,389,442,1987,417,943,904,697,86.0,40.0,73.0,17.0
33,2020-02-24,0,0,0,0,0,231,2,36,0,4,0,0,0,0,1,219,0,0,0,0,0,0,0,0,0,0,74,12,0,0,0,0,0,0,0,0,0,0,0,0,107,57,40,52,49,26,38,82,61,112,144,401,150,82,89,256,77,140,154,127,161,213,191,164,232,294,206,274,766,376,387,278,391,284,1681,391,936,708,548,547.0,58.0,75.0,0.0
34,2020-02-25,0,0,0,0,0,144,1,0,0,0,0,0,2,0,1,513,1,0,0,0,2,1,0,0,0,0,93,11,0,0,0,0,0,0,0,2,4,1,2,0,12,59,76,55,84,26,46,56,56,50,66,594,124,108,132,156,79,101,98,148,106,254,160,173,237,214,270,198,632,329,231,236,351,365,1282,366,779,745,567,495.0,51.0,63.0,0.0
35,2020-02-26,0,0,0,0,0,284,1,6,0,0,0,0,0,0,0,412,2,0,0,1,4,10,0,0,0,1,131,19,0,0,0,0,0,0,0,2,7,0,3,0,73,43,41,39,64,22,56,39,88,153,69,76,153,85,104,123,44,131,151,96,245,201,155,174,255,226,182,229,561,210,279,252,349,343,1308,331,702,679,469,613.0,44.0,57.0,0.0
36,2020-02-27,0,0,1,0,0,505,0,1,0,2,0,0,1,0,2,434,0,0,0,0,20,19,0,0,0,1,202,25,1,0,0,0,0,0,0,0,2,7,0,0,50,41,45,39,95,18,33,69,92,103,77,134,123,96,83,103,99,98,150,162,157,229,119,160,191,209,103,231,602,243,306,185,294,401,1204,311,718,695,455,355.0,41.0,53.0,0.0
37,2020-02-28,0,0,0,0,0,571,2,2,6,5,0,0,0,0,1,328,2,0,0,0,19,2,0,0,0,1,233,14,0,1,0,1,0,0,0,0,17,0,1,0,35,39,43,49,48,21,79,58,60,70,116,64,108,61,131,105,57,78,139,124,198,196,118,170,160,304,184,243,468,245,254,213,289,425,1248,316,728,772,411,629.0,50.0,52.0,0.0
38,2020-02-29,0,0,5,0,0,813,5,8,2,3,0,10,6,0,6,428,1,0,0,1,43,31,0,0,0,3,240,13,2,3,0,0,0,0,1,9,13,10,1,0,80,37,42,48,52,100,52,62,66,98,76,42,145,45,105,122,138,153,114,175,182,188,201,165,193,256,241,221,578,289,262,116,334,405,1190,316,543,896,565,568.0,27.0,47.0,0.0
39,2020-03-01,0,0,4,0,0,586,1,6,0,13,0,2,5,0,4,576,1,3,1,3,30,51,0,0,0,3,566,15,4,1,0,0,0,0,2,4,39,9,0,0,56,45,53,48,41,74,64,72,59,109,51,50,94,82,104,97,43,101,148,190,142,218,116,205,157,224,124,205,576,256,215,202,259,329,1255,351,507,849,419,354.0,32.0,42.0,0.0
40,2020-03-02,0,0,8,0,1,599,1,24,0,4,0,3,4,0,3,204,0,0,0,0,61,29,0,2,2,0,342,18,0,0,0,0,0,2,0,2,36,15,1,0,50,36,16,34,33,20,58,12,55,137,93,0,73,39,57,55,52,100,72,107,106,112,107,150,96,194,101,144,443,161,254,122,283,210,880,244,286,620,368,605.0,35.0,39.0,0.0
41,2020-03-03,0,0,6,0,0,851,1,20,6,11,0,9,3,0,3,125,2,2,0,0,13,37,0,0,0,2,466,19,7,0,0,0,0,0,4,2,45,14,0,0,42,22,36,9,17,13,41,3,44,40,34,9,76,93,52,35,80,63,71,91,57,113,84,111,89,132,66,117,339,103,116,173,227,209,754,158,149,474,258,626.0,32.0,38.0,0.0
42,2020-03-04,0,0,14,0,0,435,0,31,0,35,0,13,8,0,3,125,1,3,0,0,84,66,2,23,0,3,587,38,14,0,0,2,1,3,1,0,57,34,0,0,6,19,9,18,9,11,24,9,27,25,43,36,60,28,73,41,24,96,18,70,50,94,98,138,68,139,63,79,283,156,112,101,125,164,718,201,238,399,238,695.0,38.0,34.0,1.0
43,2020-03-05,0,0,44,0,1,467,2,68,2,30,0,3,12,0,4,151,0,4,1,6,92,220,0,2,0,5,769,29,0,0,0,0,0,3,0,7,37,24,4,0,29,41,22,15,3,0,37,12,18,29,36,6,24,51,63,46,38,54,74,81,70,94,94,89,75,121,59,73,283,66,76,105,124,205,719,162,127,390,286,647.0,40.0,33.0,0.0
44,2020-03-06,0,0,46,2,9,505,1,45,0,48,0,5,14,0,12,153,1,6,12,3,276,188,0,1,2,17,778,60,33,1,0,1,4,5,0,13,141,100,1,0,9,19,18,30,19,9,30,0,33,21,43,0,21,31,60,8,9,9,33,64,45,81,72,64,49,90,36,89,277,119,43,77,113,132,678,184,176,389,270,636.0,37.0,30.0,0.0
45,2020-03-07,0,0,60,1,0,448,0,140,16,43,2,3,24,0,5,80,1,1,0,0,303,129,2,3,0,6,1247,41,10,0,0,1,0,7,0,8,100,54,2,0,34,24,21,27,18,6,24,9,23,49,60,0,39,20,29,31,60,67,46,64,70,69,33,141,70,107,24,79,286,67,41,37,141,165,687,214,52,433,270,502.0,25.0,29.0,1.0
46,2020-03-08,0,0,77,4,4,273,0,116,0,67,12,13,25,1,10,53,0,12,34,8,177,241,3,5,2,18,1492,41,6,1,0,0,6,10,7,12,173,69,0,0,21,16,9,21,6,0,24,12,53,25,38,9,33,29,73,26,30,33,35,64,62,68,24,63,66,74,23,105,298,66,54,89,142,163,1166,183,51,416,246,447.0,48.0,28.0,1.0
47,2020-03-09,0,0,56,10,0,164,0,65,0,48,0,15,27,0,13,37,0,0,6,7,83,136,2,4,13,0,1797,9,18,0,0,0,5,0,3,0,400,37,0,0,19,17,33,46,3,0,9,12,34,9,60,0,33,25,41,30,15,0,24,68,36,53,30,6,59,84,30,77,383,59,60,82,110,96,334,215,39,327,268,517.0,35.0,30.0,1.0
48,2020-03-10,0,0,61,13,3,35,2,376,29,62,1,16,51,0,2,27,2,10,4,10,575,281,0,13,8,14,977,70,12,0,1,0,6,11,6,10,622,117,3,0,0,7,11,6,9,9,9,6,12,57,51,0,12,27,25,46,36,3,3,33,9,56,12,45,48,60,3,52,251,39,9,36,77,95,213,129,35,251,168,627.0,39.0,32.0,2.0
49,2020-03-11,0,0,121,16,0,242,1,322,0,75,7,21,64,1,29,34,5,50,1,19,499,451,4,6,7,4,2313,58,20,1,0,0,9,18,238,18,582,161,6,1,0,6,3,24,9,0,19,0,3,0,30,0,15,14,31,33,6,6,0,39,15,26,6,9,12,45,3,46,270,68,36,49,55,47,211,120,34,268,192,612.0,40.0,31.0,2.0
50,2020-03-12,0,0,0,3,8,114,1,382,11,0,1,0,56,0,9,11,0,3,7,0,0,170,0,11,0,21,0,0,0,4,0,0,18,0,0,0,0,0,11,0,19,12,3,6,9,6,24,12,3,84,83,0,15,15,46,39,0,3,32,67,43,43,22,9,39,94,3,60,214,24,6,36,46,112,234,136,50,288,176,667.0,52.0,32.0,4.0
51,2020-03-13,0,0,303,12,17,110,1,516,0,343,8,72,202,2,76,13,13,47,13,96,1388,1597,6,9,35,26,5198,62,48,14,0,0,19,53,58,22,2955,487,5,4,3,0,12,18,11,0,9,15,7,27,9,0,6,19,25,27,6,3,12,45,24,40,21,18,66,52,6,36,210,81,9,50,53,96,230,122,69,268,222,560.0,63.0,31.0,3.0
52,2020-03-14,0,0,156,47,14,107,3,548,0,342,6,50,151,2,5,32,6,48,29,70,815,910,11,20,27,29,3497,72,41,15,0,1,35,57,17,12,1159,220,7,0,6,6,9,0,20,6,49,21,3,12,42,3,39,9,24,23,12,6,24,53,21,31,22,15,58,79,3,71,198,18,12,39,123,101,234,171,56,314,249,287.0,46.0,28.0,2.0
53,2020-03-15,0,0,176,29,4,76,6,772,13,1,3,47,205,0,54,26,11,64,1,19,36,1210,2,11,21,58,3590,66,190,12,0,2,16,76,64,14,1407,841,32,1,0,39,6,0,14,3,3,9,18,24,50,0,54,11,71,30,15,12,12,55,35,71,20,24,52,93,6,81,253,45,21,51,100,100,231,81,31,295,296,133.0,51.0,27.0,0.0
54,2020-03-16,0,0,278,2,27,74,8,1133,0,406,5,80,158,0,163,30,8,45,40,33,2151,1477,7,6,17,5,3233,0,138,29,0,0,58,86,38,17,2144,0,33,12,0,3,6,12,16,6,36,3,6,0,52,0,21,9,18,26,21,0,6,48,15,23,29,18,21,97,3,30,269,63,15,45,45,81,190,90,29,251,295,163.0,60.0,27.0,1.0
55,2020-03-17,0,0,295,45,24,84,10,1789,0,409,5,75,314,26,63,25,8,98,46,44,1032,1985,11,23,38,32,3526,39,107,11,4,4,61,117,0,23,1806,500,30,29,0,12,6,9,11,12,9,15,18,9,39,0,12,18,41,27,3,6,12,37,12,53,6,30,31,39,6,95,220,15,12,36,50,94,151,87,30,247,174,69.0,67.0,26.0,4.0
56,2020-03-18,0,0,347,15,33,93,23,1362,15,682,9,116,314,2,179,44,16,68,0,15,1409,3070,8,14,55,54,4207,11,117,25,1,8,13,0,13,47,2162,328,35,51,0,3,3,0,16,6,9,6,6,6,9,0,6,0,18,44,6,3,6,56,9,55,24,18,52,45,3,15,255,74,0,18,51,39,170,89,18,233,176,30.0,58.0,28.0,10.0
57,2020-03-19,0,0,409,15,52,152,8,5964,27,74,10,113,367,2,143,54,24,230,60,64,1846,2993,15,38,84,123,5322,35,110,46,0,8,104,337,8,32,4053,1047,60,94,0,3,3,18,22,0,12,9,9,0,59,0,21,18,37,37,3,3,9,43,15,35,18,22,69,99,3,84,269,18,3,39,36,87,214,71,73,222,204,30.0,75.0,25.0,14.0
58,2020-03-20,0,0,536,13,54,87,27,5526,0,1298,6,110,375,14,143,94,23,139,29,50,1788,4528,12,50,58,102,5986,39,130,39,0,11,70,235,10,40,2447,1219,50,167,0,3,3,3,34,9,3,9,3,3,3,0,6,3,21,34,3,0,0,73,9,22,39,15,21,84,21,18,208,125,9,15,59,42,177,92,68,224,219,21.0,67.0,24.0,7.0
59,2020-03-21,0,0,637,77,53,147,18,6327,13,1053,3,280,426,2,334,55,78,162,9,73,1705,2365,18,86,81,183,6557,44,153,48,4,13,111,260,11,47,4964,1281,89,311,0,6,3,0,27,3,12,3,9,3,51,54,0,0,18,38,18,0,3,49,13,52,30,9,41,76,12,39,174,13,6,12,39,67,171,72,68,264,222,30.0,66.0,26.0,22.0
60,2020-03-22,0,0,577,73,61,162,16,7676,0,678,19,478,768,31,192,130,48,125,33,103,1780,2660,28,66,64,171,5560,94,123,65,0,50,98,320,13,23,3394,899,188,566,0,3,6,12,17,0,24,6,6,9,39,0,6,0,27,31,15,3,0,66,16,37,6,9,37,54,3,69,175,12,9,9,36,78,156,89,55,229,225,14.0,63.0,28.0,15.0
61,2020-03-23,0,0,547,82,71,0,26,10567,45,981,10,133,892,3,619,63,61,116,39,74,3880,4183,36,103,65,188,4789,27,212,51,0,0,115,460,7,54,6368,1321,122,293,0,3,0,0,8,0,12,0,12,0,36,0,0,0,12,20,6,0,3,63,9,25,24,18,6,131,3,61,144,45,3,9,28,64,165,75,15,242,227,57.0,84.0,26.0,21.0
62,2020-03-24,0,2,816,90,57,76,20,9893,50,1438,11,362,809,4,702,93,67,158,36,92,2499,3930,20,37,107,167,5249,65,106,38,0,53,152,302,25,49,4749,1082,106,343,3,9,0,9,12,0,3,24,0,0,44,9,3,3,22,26,0,0,3,43,3,17,27,9,40,33,6,55,47,9,6,6,43,66,120,72,68,217,106,392.0,95.0,24.0,27.0
63,2020-03-25,0,1,858,84,163,100,20,12042,85,1476,7,320,305,5,461,70,60,260,54,88,2978,4337,39,121,104,1131,5210,114,172,70,0,50,150,633,11,73,9630,1020,107,561,0,3,0,3,14,0,6,0,6,3,6,0,0,3,9,36,0,0,0,42,6,26,3,6,6,24,0,46,87,21,0,12,26,18,175,81,72,181,183,873.0,81.0,25.0,56.0
64,2020-03-26,0,3,1030,71,182,104,17,18058,0,2172,12,446,1321,0,791,121,53,271,39,78,3951,6615,35,70,103,324,6203,80,235,110,1,78,170,549,12,52,8271,914,111,1196,0,6,0,18,10,0,0,0,6,0,63,0,9,0,30,17,3,0,3,62,9,30,3,0,3,50,0,52,59,0,3,15,18,68,161,72,84,215,141,972.0,92.0,25.0,57.0
65,2020-03-27,8,0,1179,96,196,91,15,17821,72,2933,10,333,748,3,640,115,91,354,41,83,3851,6933,39,160,153,342,5909,81,130,132,0,85,168,724,13,49,7933,1117,91,2069,3,3,6,6,16,0,0,0,3,0,0,0,0,0,0,9,0,0,0,69,9,28,48,9,3,54,3,94,79,33,6,12,34,18,153,58,43,187,152,967.0,100.0,26.0,25.0
66,2020-03-28,0,2,1172,272,228,146,16,19808,63,2567,11,497,614,0,894,102,71,352,40,126,4703,6824,43,100,109,584,5974,225,159,131,1,83,249,902,28,70,7516,1148,109,1704,3,0,3,0,26,0,17,0,6,0,63,3,6,0,0,53,0,0,3,30,21,42,6,12,3,76,6,18,89,9,3,9,0,60,152,78,91,214,189,557.0,75.0,26.0,54.0
67,2020-03-29,2,0,1111,343,270,105,15,19444,102,2468,14,344,517,4,704,123,56,186,33,73,2603,4400,65,37,130,628,5217,173,150,145,0,63,224,792,44,42,6875,753,143,1815,3,46,0,0,7,3,0,0,3,33,36,3,0,0,9,14,6,3,3,64,18,33,6,15,0,29,3,68,45,12,7,12,28,51,179,59,58,169,162,588.0,86.0,26.0,49.0
68,2020-03-30,4,0,887,128,302,78,8,20922,41,2673,15,377,830,4,1118,76,77,184,47,112,4462,4790,39,227,129,448,4050,0,156,101,0,75,193,446,59,35,7846,1093,136,1610,0,3,0,0,12,0,3,0,3,3,27,0,0,3,18,18,0,0,0,44,18,29,84,0,6,89,0,55,26,94,3,6,3,51,162,52,92,191,120,1052.0,94.0,28.0,64.0
69,2020-03-31,1,1,850,538,501,125,16,26341,53,3028,9,198,562,2,1129,81,77,307,54,66,7657,4923,45,146,114,663,4053,87,140,121,0,58,256,1035,88,47,7967,683,127,2704,0,9,0,0,22,3,3,0,3,6,86,0,0,0,6,41,0,0,0,46,9,10,12,72,0,40,9,44,27,3,6,3,12,75,196,85,56,193,116,1625.0,86.0,26.0,42.0
70,2020-04-01,0,1,1029,227,440,101,7,25070,150,4384,6,303,531,0,1033,82,96,200,69,28,4922,6064,33,601,149,734,4782,225,142,163,2,61,243,808,54,74,8195,1163,120,2148,0,3,3,15,12,6,3,0,3,0,6,0,0,6,21,23,0,0,0,56,12,17,9,6,0,21,6,48,66,31,18,0,15,36,163,46,128,161,145,1324.0,86.0,25.0,42.0
71,2020-04-02,5,0,1090,322,771,89,10,30380,210,4308,15,254,418,1,1724,71,48,350,86,72,2180,6922,60,545,113,765,4668,317,208,132,0,89,392,783,114,49,7947,1059,104,2456,0,12,0,9,9,6,9,0,0,0,44,0,0,0,9,26,0,0,0,13,15,15,4,6,0,61,3,39,10,27,24,3,0,37,168,39,81,167,126,1155.0,86.0,25.0,41.0
72,2020-04-03,0,0,1033,385,601,86,9,31745,240,4516,4,214,395,4,1153,79,68,233,120,97,5273,6365,38,24,196,571,4585,122,217,178,0,71,437,852,126,65,7134,779,103,2786,0,0,3,0,12,3,0,33,3,3,6,3,0,0,3,12,0,0,0,30,3,13,3,36,0,25,3,48,64,18,3,6,15,12,187,56,46,161,120,1212.0,82.0,46.0,46.0
73,2020-04-04,1,0,906,76,582,94,7,33283,241,3788,3,220,257,0,541,32,47,381,85,267,4298,4933,55,515,106,423,4805,522,150,202,0,82,244,638,250,75,6969,899,89,3013,0,0,0,0,6,3,0,3,0,0,48,3,0,0,23,19,0,0,0,24,12,9,14,45,3,51,6,0,58,21,3,0,0,27,182,35,88,156,83,886.0,83.0,100.0,41.0
74,2020-04-05,0,1,1226,152,658,81,8,28152,294,5959,1,137,270,0,2778,59,56,115,103,45,1912,4031,55,506,181,579,4316,0,179,253,0,89,475,754,279,120,5478,595,102,3135,0,0,3,0,3,3,3,21,0,3,0,0,0,3,0,6,0,0,0,42,8,7,6,32,9,27,0,32,29,26,9,0,0,21,140,36,51,155,95,1077.0,58.0,80.0,53.0
75,2020-04-06,1,1,973,414,954,47,10,29515,277,3843,4,110,246,0,807,63,40,235,149,249,3931,3251,11,1190,218,474,3599,515,131,296,1,67,311,452,228,66,5029,557,51,3148,0,3,0,0,3,0,0,0,0,3,46,0,0,0,18,0,19,0,0,16,9,12,3,24,0,66,0,12,10,30,3,3,17,17,149,31,57,102,79,1326.0,79.0,29.0,28.0
76,2020-04-07,0,2,783,104,1154,47,3,30804,283,3670,4,98,342,1,1309,53,60,195,128,132,3820,4289,73,533,247,344,3039,252,170,346,0,54,435,712,225,106,5267,596,38,3892,0,0,0,12,3,0,0,0,4,32,49,0,0,0,6,25,0,34,0,15,3,16,3,3,3,36,0,36,15,12,0,0,3,21,179,32,103,122,107,1475.0,78.0,40.0,33.0
77,2020-04-08,0,1,973,106,1175,53,3,31533,300,5525,2,115,303,2,1269,91,61,295,110,179,3894,5633,78,605,218,156,3836,351,156,396,1,50,357,699,153,142,6278,1027,111,4117,0,9,0,3,8,0,3,0,0,0,0,0,0,0,6,30,0,0,0,13,9,28,23,3,33,12,0,9,73,15,0,3,15,6,162,34,73,150,128,1620.0,60.0,97.0,30.0
78,2020-04-09,1,1,1221,206,1459,39,1,34126,331,4398,4,98,302,2,1513,74,64,257,139,118,4309,4885,85,809,337,564,4204,410,109,260,0,29,370,815,166,287,5002,771,54,4056,3,0,0,24,10,6,9,3,0,0,31,0,3,0,3,11,0,0,0,27,9,16,6,27,3,52,3,41,16,43,3,3,5,32,207,18,87,151,103,1607.0,82.0,96.0,29.0
79,2020-04-10,4,0,1346,119,1786,27,2,33755,370,8733,2,107,311,0,1405,58,88,163,95,164,4372,3990,210,873,219,440,3951,863,118,403,0,44,380,1516,136,198,5051,500,50,4747,0,0,0,0,9,3,15,0,0,0,3,0,0,0,3,8,0,32,0,29,10,13,15,20,33,15,0,15,58,10,3,3,21,9,135,37,70,105,132,1430.0,70.0,82.0,8.0
80,2020-04-11,11,2,1322,233,1667,30,3,29861,376,5269,1,88,251,1,1257,73,39,99,145,136,3125,2737,120,848,330,335,4694,475,184,375,0,29,401,515,216,191,4754,556,45,5138,0,0,0,19,20,0,6,3,0,6,46,0,0,0,6,17,32,9,0,15,18,15,43,47,9,58,3,21,49,50,6,9,0,34,144,18,44,123,85,1050.0,67.0,30.0,17.0
81,2020-04-12,3,1,1174,220,2186,32,3,28917,387,5332,4,12,139,2,983,120,66,160,126,69,26849,2946,100,759,399,402,4092,743,153,442,0,18,318,598,251,233,3804,308,33,4789,0,3,0,0,12,0,31,0,0,0,3,0,0,0,0,6,0,0,3,12,9,12,4,44,16,12,0,49,18,6,3,3,6,9,169,17,39,122,73,1012.0,68.0,47.0,26.0
82,2020-04-13,21,0,964,284,2558,25,5,25306,398,4364,3,36,96,0,1381,79,50,68,125,90,3682,2218,48,1248,316,441,3153,622,134,353,1,19,260,349,252,386,3268,273,28,4093,0,6,6,0,3,0,0,0,0,0,43,0,6,0,3,9,0,0,0,16,6,9,0,53,3,40,3,6,18,3,3,3,15,36,103,18,58,110,98,1347.0,65.0,89.0,17.0
83,2020-04-14,1,0,870,291,2774,27,0,27051,412,5275,1,64,185,0,1355,93,54,52,160,97,4971,1287,54,1034,282,460,2972,275,170,385,13,17,268,514,197,334,2442,248,34,4062,0,0,0,0,3,3,0,0,0,3,25,0,0,0,0,9,0,8,0,18,6,17,3,31,6,3,3,3,15,3,0,0,0,7,181,38,76,109,96,1396.0,65.0,71.0,11.0
84,2020-04-15,11,0,736,230,3388,27,2,28680,432,4638,1,25,110,0,1174,50,37,105,155,76,3220,3394,67,835,297,455,2667,455,85,448,0,20,380,643,283,447,5103,400,30,4281,0,0,0,0,8,0,0,0,0,0,3,0,0,0,0,29,0,0,0,19,6,6,9,11,18,6,16,0,55,4,0,0,0,15,143,30,47,161,125,1516.0,52.0,42.0,15.0
85,2020-04-16,11,0,1067,207,3448,22,0,31242,460,4662,1,22,140,0,2600,47,50,217,168,132,12490,2945,73,1108,380,257,3786,526,110,450,1,15,336,750,392,728,7304,396,29,4801,0,3,9,3,6,0,4,0,0,0,0,0,3,0,18,9,0,0,22,14,9,22,3,38,0,43,0,38,18,3,12,0,6,21,160,12,64,114,109,1537.0,55.0,81.0,12.0
86,2020-04-17,3,0,1236,218,4070,22,0,32114,477,5624,0,60,119,0,2005,357,23,116,171,120,2009,3699,111,922,407,224,3493,1161,69,578,0,8,461,181,560,623,5891,346,28,4353,0,0,0,3,16,0,3,0,0,3,0,0,3,0,3,16,0,22,3,21,6,3,3,69,12,9,0,9,54,0,3,0,12,6,174,28,110,91,186,1471.0,58.0,71.0,16.0
87,2020-04-18,10,0,1147,209,4785,18,3,32491,0,5545,0,46,76,0,1542,27,18,57,188,192,2,1945,71,1370,325,283,3491,509,54,622,0,13,363,663,345,942,887,326,33,3783,0,0,0,0,3,0,3,0,3,3,30,0,0,0,12,31,0,0,0,12,12,12,18,59,0,41,3,0,38,3,0,0,0,13,180,16,46,83,63,1051.0,59.0,30.0,10.0
88,2020-04-19,13,0,1070,172,6060,8,22,26612,479,5858,0,42,78,0,1277,18,39,140,112,102,4925,1842,82,1893,327,226,3047,501,84,764,1,9,545,521,440,596,6948,336,32,3977,0,6,3,0,10,0,3,0,0,3,3,0,3,0,9,12,9,25,3,18,9,12,6,0,30,15,3,30,27,24,7,3,0,36,115,22,41,111,78,1061.0,71.0,43.0,5.0
89,2020-04-20,8,0,750,200,4268,13,2,25517,484,4684,0,13,46,0,2025,12,10,154,189,85,2382,1881,68,924,185,222,2256,0,36,511,1,9,306,657,567,1426,1536,204,27,4674,0,3,3,0,3,0,0,0,0,3,34,0,12,0,9,13,0,0,0,14,9,10,3,0,0,38,0,6,15,0,3,0,28,41,123,6,52,101,110,1689.0,63.0,81.0,8.0
90,2020-04-21,2,0,729,140,5642,9,3,27539,490,4316,0,22,78,0,1744,36,27,133,157,146,2775,1226,114,1541,375,229,2729,338,57,729,1,5,263,516,518,1111,3968,119,19,4611,0,3,0,0,6,0,0,0,0,0,0,0,0,0,3,12,0,0,0,19,0,3,3,6,0,6,0,9,12,3,3,0,0,36,156,27,81,116,115,1327.0,57.0,65.0,5.0
91,2020-04-22,2,0,715,111,5236,11,1,28486,483,4466,0,7,52,0,2261,15,42,99,169,115,-2188,2357,70,1290,283,556,3370,377,50,1043,1,6,313,603,608,1016,4211,205,15,3083,0,0,0,0,10,0,0,0,0,0,9,0,0,3,3,31,38,0,0,9,9,6,31,36,12,21,0,3,49,21,0,0,0,6,154,25,62,99,100,1692.0,65.0,22.0,6.0
92,2020-04-23,16,0,889,271,4774,14,1,28819,518,4608,0,10,77,0,1636,16,31,55,232,155,2323,2481,116,1707,357,305,2646,856,71,1089,1,5,342,371,623,1037,4635,228,13,3116,0,3,0,6,0,0,0,0,0,0,28,0,0,0,9,20,21,0,0,51,9,17,4,3,6,39,0,34,36,3,3,3,6,46,150,12,90,93,79,1949.0,57.0,22.0,4.0
93,2020-04-24,5,0,808,211,5849,10,1,36188,525,5394,2,15,69,0,1620,15,28,86,201,111,1649,1870,159,1453,436,255,3021,461,88,1239,1,5,381,444,761,897,-10034,181,68,3122,0,0,0,6,3,0,6,0,0,0,3,6,0,0,3,17,27,0,0,15,12,16,3,19,12,15,0,9,43,3,3,0,15,12,163,30,59,99,166,1711.0,60.0,20.0,2.0
94,2020-04-25,2,0,655,102,5966,10,1,32796,532,4929,0,17,77,0,1452,10,7,79,227,80,1692,1514,0,1753,396,240,2357,402,51,970,0,9,381,595,833,618,2915,217,0,2861,0,3,0,6,6,0,0,0,0,0,30,0,0,0,23,28,32,0,0,24,15,17,24,3,0,28,0,3,42,9,0,3,0,28,174,6,34,108,66,1114.0,52.0,22.0,4.0
95,2020-04-26,0,0,656,285,6361,10,0,27631,536,4468,0,20,77,0,1662,3,14,52,215,101,576,1257,57,1607,275,145,2324,210,38,835,1,-1,344,472,929,931,1729,167,15,2357,0,3,0,3,3,0,0,0,0,3,0,0,0,0,0,6,0,0,0,20,9,33,3,3,9,27,0,28,9,6,3,3,3,25,185,12,49,100,113,1179.0,57.0,20.0,10.0
96,2020-04-27,0,0,400,198,6198,14,0,22412,490,4311,0,7,49,0,1583,6,9,41,248,119,3743,988,83,1561,214,112,1739,712,40,852,0,3,285,163,957,799,1831,103,9,2131,0,0,0,0,3,0,0,0,0,0,28,0,0,0,0,9,3,0,0,9,9,9,3,0,0,33,0,3,15,0,3,0,12,32,123,0,53,106,67,1412.0,61.0,19.0,7.0
97,2020-04-28,4,0,172,181,6411,9,0,24385,541,4002,0,23,83,0,1534,22,8,59,260,45,3090,1154,66,1873,415,173,2091,-417,31,1223,0,2,316,295,677,528,1308,100,7,2392,0,0,0,6,3,0,3,0,0,6,3,0,0,0,0,5,28,0,0,17,3,15,3,0,0,0,0,3,32,6,0,0,0,12,111,16,61,102,113,1763.0,59.0,18.0,12.0
98,2020-04-29,0,0,386,254,5841,4,0,27327,549,4091,0,8,45,0,1715,4,15,75,226,166,-2510,1627,78,1738,260,106,2086,159,94,1047,0,2,422,183,643,690,2144,143,9,2936,0,3,0,0,15,0,0,0,0,0,0,0,0,0,3,27,0,0,0,3,0,9,13,3,0,6,0,6,46,3,0,0,0,4,118,24,47,54,74,1117.0,63.0,18.0,5.0
99,2020-04-30,1,0,514,276,7099,9,0,29515,552,6040,0,14,50,0,1592,12,14,103,269,89,756,1470,48,1801,347,112,1872,193,57,1425,0,3,237,540,845,528,518,179,7,2615,0,6,3,3,5,0,0,0,0,0,16,0,0,0,3,5,3,0,3,13,3,8,3,0,0,3,0,7,5,3,3,0,3,18,114,8,30,71,37,1266.0,43.0,18.0,4.0
100,2020-05-01,0,0,476,284,7933,6,0,34037,557,6204,0,12,79,0,1886,3,9,55,358,56,6,1068,88,2394,433,155,1965,217,69,1515,0,6,228,306,687,932,0,119,6,2188,0,3,3,0,11,0,0,0,0,0,0,0,0,0,0,9,0,0,0,9,3,4,0,0,3,4,3,3,24,3,3,0,3,4,98,22,43,52,153,1104.0,48.0,18.0,8.0
101,2020-05-02,0,0,445,156,9623,13,3,29078,561,4815,0,21,27,0,1583,0,3,18,298,125,1213,890,79,2442,292,84,1900,266,105,1349,1,2,270,-161,776,447,3147,112,6,1983,0,0,3,0,9,0,0,0,0,0,23,0,9,0,17,27,0,0,0,47,9,6,19,35,3,32,16,6,65,6,6,6,9,31,155,15,15,108,85,732.0,43.0,18.0,8.0
102,2020-05-03,4,0,335,295,10633,8,4,25501,564,4342,1,23,39,0,2578,5,8,26,272,78,407,697,56,2806,349,23,1389,306,122,1383,0,0,318,92,679,657,884,88,3,1670,0,0,0,0,6,0,9,0,0,6,3,0,0,0,0,27,0,0,0,16,11,10,8,3,6,15,0,23,27,0,6,3,3,15,154,20,48,116,146,821.0,55.0,18.0,10.0
103,2020-05-04,6,0,199,262,10581,3,2,22335,567,3990,0,25,24,0,1453,2,5,38,348,73,658,488,37,3932,395,38,1221,201,55,1434,1,-1,313,242,640,573,545,76,18,1614,0,0,3,0,6,0,0,0,0,3,45,0,3,0,6,10,0,0,0,51,15,12,0,18,0,32,0,6,16,0,3,0,15,32,131,12,91,72,97,1331.0,30.0,17.0,8.0
104,2020-05-05,0,0,318,199,10102,2,0,23976,462,4411,0,28,29,0,1258,2,11,77,388,85,1104,855,30,2963,484,43,1075,175,30,1120,1,2,425,178,951,632,1318,28,1,1832,0,0,0,6,12,0,3,0,0,3,0,0,0,0,0,15,3,0,0,11,3,13,6,0,3,6,3,0,18,3,0,0,0,15,155,23,40,119,91,793.0,30.0,17.0,3.0
